{
  "version": 1,
  "author": "Anonymous maker",
  "editor": "wokwi",
  "parts": [
    { "type": "wokwi-arduino-uno", "id": "uno", "top": 0, "left": 0, "attrs": {} },
    {
      "type": "wokwi-led",
      "id": "led1",
      "top": -80.4,
      "left": -111.4,
      "attrs": { "color": "red" }
    },
    {
      "type": "wokwi-pir-motion-sensor",
      "id": "pir1",
      "top": -111.2,
      "left": 127.02,
      "attrs": {}
    }
  ],
  "connections": [
    [ "uno:GND.1", "led1:C", "black", [ "v0" ] ],
    [ "uno:13", "led1:A", "green", [ "v0" ] ],
    [ "pir1:VCC", "uno:3.3V", "red", [ "v0" ] ],
    [ "pir1:GND", "uno:GND.2", "black", [ "v0" ] ],
    [ "pir1:OUT", "uno:3", "green", [ "v0" ] ]
  ],
  "dependencies": {}
}