{
  "version": 1,
  "author": "Uri Shaked",
  "editor": "wokwi",
  "parts": [
    {
      "type": "wokwi-esp32-devkit-v1",
      "id": "esp",
      "top": 14.3,
      "left": -5,
      "attrs": { "env": "micropython-20220618-v1.19.1" }
    },
    {
      "type": "wokwi-led",
      "id": "led1",
      "top": 54,
      "left": 128.6,
      "attrs": { "color": "red", "flip": "1" }
    },
    {
      "type": "wokwi-pir-motion-sensor",
      "id": "pir1",
      "top": -53.6,
      "left": -256.98,
      "attrs": {}
    }
  ],
  "connections": [
    [ "esp:TX0", "$serialMonitor:RX", "", [] ],
    [ "esp:RX0", "$serialMonitor:TX", "", [] ],
    [ "led1:A", "esp:D15", "green", [ "v0" ] ],
    [ "led1:C", "esp:GND.1", "green", [ "v0" ] ],
    [ "pir1:GND", "esp:GND.2", "black", [ "v124.8", "h191.74" ] ],
    [ "pir1:VCC", "esp:VIN", "red", [ "v0" ] ],
    [ "pir1:OUT", "esp:D19", "green", [ "v0" ] ]
  ],
  "dependencies": {}
}